-- --------------------------------------------------------
-- Host:                         127.0.0.1
-- Versi server:                 8.0.11 - MySQL Community Server - GPL
-- OS Server:                    Win64
-- HeidiSQL Versi:               10.2.0.5599
-- --------------------------------------------------------

/*!40101 SET @OLD_CHARACTER_SET_CLIENT=@@CHARACTER_SET_CLIENT */;
/*!40101 SET NAMES utf8 */;
/*!50503 SET NAMES utf8mb4 */;
/*!40014 SET @OLD_FOREIGN_KEY_CHECKS=@@FOREIGN_KEY_CHECKS, FOREIGN_KEY_CHECKS=0 */;
/*!40101 SET @OLD_SQL_MODE=@@SQL_MODE, SQL_MODE='NO_AUTO_VALUE_ON_ZERO' */;

USE `ppi`;

-- Membuang data untuk tabel ppi.alasan: ~6 rows (lebih kurang)
/*!40000 ALTER TABLE `alasan` DISABLE KEYS */;
REPLACE INTO `alasan` (`ID`, `DESKRIPSI`, `STATUS_ETC`, `STATUS`) VALUES
	(1, 'Tidak Tahu', 0, 1),
	(2, 'Tidak Tersedia', 0, 1),
	(3, 'Rusak', 0, 1),
	(4, 'Tidak di Sosialisasikan', 0, 1),
	(5, 'Tidak di Terapkan', 0, 1),
	(6, 'Belum Pengadaan', 0, 1);
/*!40000 ALTER TABLE `alasan` ENABLE KEYS */;

-- Membuang data untuk tabel ppi.group_evaluasi: ~25 rows (lebih kurang)
/*!40000 ALTER TABLE `group_evaluasi` DISABLE KEYS */;
REPLACE INTO `group_evaluasi` (`ID`, `DESKRIPSI`, `JENIS`, `STATUS`) VALUES
	(1, 'fasilitas kebersihan tangan', 1, 1),
	(2, 'penyuntikan yang aman', 1, 1),
	(3, 'pengelolaan linen kotor', 1, 1),
	(4, 'pembuangan sisa darah ', 1, 1),
	(5, 'Fasilitas alat pelindung Diri (APD)', 1, 1),
	(6, 'Penilaian Skil Hand Hygien', 1, 1),
	(7, 'monitoring sterilisasi CSSU', 1, 1),
	(8, 'Penanganan Bendah Tajam Dan Jarum', 1, 1),
	(9, 'Kepatuhan Pembuangan Limbah', 1, 1),
	(10, 'Penanganan limbah Cair', 1, 1),
	(11, 'Fasilitas Pembuangan limbah', 1, 1),
	(12, 'Monitoring ruang isolasi', 1, 1),
	(13, 'pengelolaan linen', 1, 1),
	(14, 'bahan medis habis pakai single use yang di Reuse', 1, 1),
	(15, 'pengelolaan ruang transit jenazah', 1, 1),
	(16, 'monitoring pelayanan makanan unit Gizi', 1, 1),
	(17, 'Audit Kepatuhan Cuci Tangan', 2, 1),
	(18, 'Audit Kepatuhan Penggunaan Alat Pelindung Diri', 2, 1),
	(19, 'DAFTAR TELUSUR HAND HYGIENE MENURUT UNIT RAWAT INAP', 1, 1),
	(20, 'LEMBAR KUESIONER REKAM MEDIS', 2, 1),
	(21, 'OBSERVASI KEPATUHAN HAND HYGIENE', 2, 1),
	(22, 'Audir x', 2, 1),
	(23, 'BUNDLES', 2, 1),
	(24, 'Kebersihan Perangkat Kerja', 1, 1),
	(25, 'Perengkapan Ruangan', 1, 1);
/*!40000 ALTER TABLE `group_evaluasi` ENABLE KEYS */;

-- Membuang data untuk tabel ppi.kagiatan_alasan: ~0 rows (lebih kurang)
/*!40000 ALTER TABLE `kagiatan_alasan` DISABLE KEYS */;
REPLACE INTO `kagiatan_alasan` (`ID`, `KEGIATAN`, `ALASAN`, `STATUS`) VALUES
	(1, 1, 2, 1),
	(2, 2, 2, 1),
	(3, 3, 2, 1),
	(4, 4, 2, 1),
	(5, 5, 2, 1),
	(6, 6, 2, 1),
	(7, 7, 2, 1),
	(8, 8, 2, 1),
	(9, 9, 2, 1),
	(10, 10, 2, 1),
	(11, 11, 2, 1),
	(12, 12, 1, 1),
	(13, 13, 1, 1),
	(14, 14, 1, 1),
	(15, 15, 1, 1),
	(16, 16, 1, 1),
	(17, 17, 1, 1),
	(18, 18, 1, 1),
	(19, 19, 1, 1),
	(20, 20, 1, 1),
	(21, 21, 1, 1),
	(22, 22, 1, 1),
	(23, 23, 1, 1),
	(24, 24, 1, 1),
	(25, 25, 1, 1),
	(26, 26, 1, 1),
	(27, 27, 1, 1),
	(28, 28, 1, 1),
	(29, 29, 1, 1),
	(30, 30, 1, 1),
	(31, 31, 1, 1),
	(32, 32, 1, 1),
	(33, 33, 1, 1),
	(34, 34, 1, 1),
	(35, 35, 1, 1),
	(36, 36, 1, 1),
	(37, 37, 1, 1),
	(38, 38, 1, 1),
	(39, 39, 1, 1),
	(40, 40, 1, 1),
	(41, 41, 1, 1),
	(42, 42, 1, 1),
	(43, 43, 1, 1),
	(44, 44, 1, 1),
	(45, 45, 1, 1),
	(46, 46, 1, 1),
	(47, 47, 1, 1),
	(48, 48, 1, 1),
	(49, 49, 1, 1),
	(50, 50, 1, 1),
	(51, 51, 1, 1),
	(52, 52, 1, 1),
	(53, 53, 1, 1),
	(54, 54, 1, 1),
	(55, 55, 1, 1),
	(56, 56, 1, 1),
	(57, 57, 1, 1),
	(58, 58, 1, 1),
	(59, 59, 1, 1),
	(60, 60, 1, 1),
	(61, 61, 1, 1),
	(62, 62, 1, 1),
	(63, 63, 1, 1),
	(64, 64, 1, 1),
	(65, 65, 1, 1),
	(66, 66, 1, 1),
	(67, 67, 2, 1),
	(68, 68, 2, 1),
	(69, 69, 2, 1),
	(70, 70, 2, 1),
	(71, 71, 1, 1),
	(72, 72, 1, 1),
	(73, 73, 1, 1),
	(74, 74, 1, 1),
	(75, 75, 1, 1),
	(76, 76, 1, 1),
	(77, 77, 1, 1),
	(78, 78, 1, 1),
	(79, 79, 1, 1),
	(80, 80, 1, 1),
	(81, 81, 1, 1),
	(82, 82, 1, 1),
	(83, 83, 1, 1),
	(84, 84, 1, 1),
	(85, 85, 1, 1),
	(86, 86, 1, 1),
	(87, 87, 1, 1),
	(88, 88, 1, 1),
	(89, 89, 2, 1),
	(90, 90, 3, 1),
	(91, 91, 1, 1),
	(92, 92, 2, 1),
	(93, 93, 2, 1),
	(94, 94, 2, 1),
	(95, 95, 2, 1),
	(96, 96, 2, 1),
	(97, 97, 2, 1),
	(98, 98, 1, 1),
	(99, 99, 1, 1),
	(100, 100, 1, 1),
	(101, 101, 1, 1),
	(102, 102, 1, 1),
	(103, 103, 1, 1),
	(104, 104, 1, 1),
	(105, 105, 1, 1),
	(106, 106, 2, 1),
	(107, 107, 2, 1),
	(108, 108, 2, 1),
	(109, 109, 1, 1),
	(110, 110, 1, 1),
	(111, 111, 1, 1),
	(112, 112, 1, 1),
	(113, 113, 1, 1),
	(114, 114, 1, 1),
	(115, 115, 1, 1),
	(116, 116, 1, 1),
	(117, 117, 1, 1),
	(118, 118, 1, 1),
	(119, 119, 1, 1),
	(120, 120, 1, 1),
	(121, 121, 1, 1),
	(122, 122, 1, 1),
	(123, 123, 2, 1),
	(124, 124, 1, 1),
	(125, 125, 1, 1),
	(126, 132, 2, 1),
	(127, 133, 1, 1),
	(128, 134, 2, 1),
	(129, 135, 2, 1),
	(130, 136, 2, 1),
	(131, 137, 2, 1),
	(132, 138, 2, 1),
	(133, 139, 2, 1),
	(134, 140, 2, 1),
	(135, 141, 2, 1),
	(136, 142, 2, 1),
	(137, 143, 2, 1),
	(138, 144, 2, 1),
	(139, 145, 2, 1),
	(256, 1, 3, 1),
	(257, 2, 3, 1),
	(258, 3, 3, 1),
	(259, 4, 3, 1),
	(260, 5, 3, 1),
	(261, 6, 3, 1),
	(262, 7, 3, 1),
	(263, 8, 3, 1),
	(264, 9, 3, 1),
	(265, 10, 3, 1),
	(266, 11, 3, 1),
	(267, 12, 5, 1),
	(268, 13, 5, 1),
	(269, 14, 5, 1),
	(270, 15, 5, 1),
	(271, 16, 5, 1),
	(272, 17, 5, 1),
	(273, 18, 5, 1),
	(274, 19, 5, 1),
	(275, 20, 5, 1),
	(276, 21, 5, 1),
	(277, 22, 5, 1),
	(278, 23, 5, 1),
	(279, 24, 5, 1),
	(280, 25, 5, 1),
	(281, 26, 5, 1),
	(282, 27, 5, 1),
	(283, 28, 5, 1),
	(284, 29, 5, 1),
	(285, 30, 5, 1),
	(286, 31, 5, 1),
	(287, 32, 5, 1),
	(288, 33, 5, 1),
	(289, 34, 5, 1),
	(290, 35, 5, 1),
	(291, 36, 5, 1),
	(292, 37, 5, 1),
	(293, 38, 5, 1),
	(294, 39, 5, 1),
	(295, 40, 5, 1),
	(296, 41, 5, 1),
	(297, 42, 5, 1),
	(298, 43, 5, 1),
	(299, 44, 5, 1),
	(300, 45, 5, 1),
	(301, 46, 5, 1),
	(302, 47, 5, 1),
	(303, 48, 5, 1),
	(304, 49, 5, 1),
	(305, 50, 5, 1),
	(306, 51, 5, 1),
	(307, 52, 5, 1),
	(308, 53, 5, 1),
	(309, 54, 4, 1),
	(310, 55, 4, 1),
	(311, 56, 4, 1),
	(312, 57, 4, 1),
	(313, 58, 4, 1),
	(314, 59, 4, 1),
	(315, 60, 4, 1),
	(316, 61, 5, 1),
	(317, 62, 5, 1),
	(318, 63, 5, 1),
	(319, 64, 5, 1),
	(320, 65, 5, 1),
	(321, 66, 5, 1),
	(322, 67, 5, 1),
	(323, 68, 5, 1),
	(324, 69, 5, 1),
	(325, 70, 5, 1),
	(326, 71, 5, 1),
	(327, 72, 5, 1),
	(328, 73, 5, 1),
	(329, 74, 5, 1),
	(330, 75, 5, 1),
	(331, 76, 5, 1),
	(332, 77, 5, 1),
	(333, 78, 5, 1),
	(334, 79, 5, 1),
	(335, 80, 5, 1),
	(336, 81, 5, 1),
	(337, 82, 5, 1),
	(338, 83, 5, 1),
	(339, 84, 5, 1),
	(340, 85, 5, 1),
	(341, 86, 5, 1),
	(342, 87, 5, 1),
	(343, 88, 5, 1),
	(344, 89, 3, 1),
	(345, 90, 3, 1),
	(346, 91, 5, 1),
	(347, 92, 3, 1),
	(348, 93, 3, 1),
	(349, 94, 3, 1),
	(350, 95, 3, 1),
	(351, 96, 3, 1),
	(352, 97, 3, 1),
	(353, 98, 5, 1),
	(354, 99, 5, 1),
	(355, 100, 5, 1),
	(356, 101, 5, 1),
	(357, 102, 5, 1),
	(358, 103, 5, 1),
	(359, 104, 5, 1),
	(360, 105, 5, 1),
	(361, 106, 3, 1),
	(362, 107, 3, 1),
	(363, 108, 3, 1),
	(364, 109, 5, 1),
	(365, 110, 5, 1),
	(366, 111, 5, 1),
	(367, 112, 5, 1),
	(368, 113, 5, 1),
	(369, 114, 5, 1),
	(370, 115, 5, 1),
	(371, 116, 5, 1),
	(372, 117, 5, 1),
	(373, 118, 5, 1),
	(374, 119, 5, 1),
	(375, 120, 5, 1),
	(376, 121, 5, 1),
	(377, 122, 5, 1),
	(378, 123, 3, 1),
	(379, 124, 5, 1),
	(380, 125, 5, 1),
	(381, 132, 6, 1),
	(382, 133, 5, 1),
	(383, 134, 3, 1),
	(384, 135, 3, 1),
	(385, 136, 3, 1),
	(386, 137, 3, 1),
	(387, 138, 5, 1),
	(388, 139, 5, 1),
	(389, 140, 5, 1),
	(390, 141, 3, 1),
	(391, 142, 3, 1),
	(392, 143, 5, 1),
	(393, 144, 5, 1),
	(394, 145, 5, 1);
/*!40000 ALTER TABLE `kagiatan_alasan` ENABLE KEYS */;

-- Membuang data untuk tabel ppi.kegiatan: ~175 rows (lebih kurang)
/*!40000 ALTER TABLE `kegiatan` DISABLE KEYS */;
REPLACE INTO `kegiatan` (`ID`, `DESKRIPSI`, `STATUS`) VALUES
	(1, 'ada kebijakan dan spo tentang handhygien', 1),
	(2, 'Tersedia handrub di koridor ', 1),
	(3, 'tersedia handrub di nurse station', 1),
	(4, 'tersedia handrub di tempat tidur pasien', 1),
	(5, 'tersedia handrub di dental unit', 1),
	(6, 'tersedia wastafel di setiap ruangan dengan kondisi baik', 1),
	(7, 'tersedia sabun antiseptik di setiap ruangan', 1),
	(8, 'tersedia tempat sampah non medis untuk tissue', 1),
	(9, 'tersedia tissue di setiap ruangan', 1),
	(10, 'tersedia paster handrub dan handygien', 1),
	(11, 'wastafel dalam kondisi bersih', 1),
	(12, 'Apakah petugas melakukan  identifikasi pasien', 1),
	(13, 'Apakah petugas menjelaskan prosedur pengobatan yang akan dilakukan', 1),
	(14, 'Apakah obat di spuit di beri label sesuai prosedur', 1),
	(15, 'Apakah obat yang diberikan single dosis', 1),
	(16, 'Apakah obat disimpan dilemari pendingin(2-8 c) atau sesuai rekomendasi pabrik', 1),
	(17, 'petugas melakukan  hand hygien sebelum melakukan tindakan', 1),
	(18, 'petugas melakukan swap pada vial pada karet penutup vial sebelum menusuk vial', 1),
	(19, 'petugas menggunakan 1 spuit untuk 1 pasien', 1),
	(20, 'petugas menggunakan 1 nedlee untuk 1 pasien', 1),
	(21, 'petugas memberikan waktu dalam  memberikan obat', 1),
	(22, 'petugas mmenggunakan recapping dengan menggunakan 1 tangan', 1),
	(23, 'petugas menggunakan teknik aseptik dalam pencampuran obat', 1),
	(24, ' petugas membuat spuit dan needle benda tajam pada saffety box', 1),
	(25, 'petugas menggunakan APD saat melakukan tindakan  pencampuran obat', 1),
	(26, 'petugas melakukan  hand hygien setelah melakukan tindakan', 1),
	(27, 'petugas ruangan segera mengambil linen kotor untuk di masukkan ke dalam bak setelah pasien pulang', 1),
	(28, 'petugas laundry mengambil linen kotor untuk dimasukkan ke dalam bak linen kotor dengan cara yang benar.', 1),
	(29, 'petugas ruangan menempatkan linen kotor sesuai dengan wadah yang ditentukan', 1),
	(30, 'petugas yang memasukkan linen kotor kedalam bak linen kotor selalu mengisi ceklis dengan teratur', 1),
	(31, 'masih ada linen kotor diletakkan di lantai dengan sembarangan', 1),
	(32, 'bak penampung linen kotor tersedia dengan baik diruangan', 1),
	(33, 'plastik untuk linen kotor tersedia dengan baik di ruangan', 1),
	(34, 'petugas linen dan laundry mengambil linen kotor sesuai jadwal', 1),
	(35, 'sudah tersedia troli khusus untuk linen infeksius dan non infeksius.', 1),
	(36, 'Tersedia spoolhock', 1),
	(37, 'Spoolhock dalam kondisi baik, tidak ada sumbatan', 1),
	(38, 'Tersedia APD ', 1),
	(39, 'Petugas menggunakan APD dengan benar pada saat mengelola sisa darah pembedahan di ruangan', 1),
	(40, 'Air kran di spoolhock mengalir lancar, tanpa hambatan.', 1),
	(41, 'Tersedia tempat sampah infeksius', 1),
	(42, 'Tersedia tempat sampah non infeksius', 1),
	(43, 'Dilakukan pembersihan spoolhok setelah  membuang darah atau cairan tubuh ', 1),
	(44, 'Petugas melepas APD dengan segera setelah melakukan pengelolaan  sisa darah di CSSU', 1),
	(45, 'Petugas melakukan Hand hygien setelah tindakan selesai', 1),
	(46, 'Ada kebijakan penggunaan APD di rumah sakit', 1),
	(47, 'Tersedia masker diruang perawatan  intensif, ruang tindakan  sesuai kebutuhan.', 1),
	(48, 'Tersedia sarung tangan on steril di ruang perawatan, intensif, ruang tindakan sesuai kebutuhan', 1),
	(49, 'Tersedian alat pelindung kepala di ruang tindakan pelayanan', 1),
	(50, 'Tersedia gaun/apron di ruang tindakan', 1),
	(51, 'Tersedia pelindung kaki di ruang tindakan', 1),
	(52, 'Tersedia sarung tangan  steril di ruang tindakan', 1),
	(53, 'Penyimpanan APD dilakukan dengan cara yang benar.', 1),
	(54, 'Berapa macam  jenis kebersihan tangan', 1),
	(55, 'Berapa gerakan dalam handrub', 1),
	(56, 'Berapa gerakan dalam handwash', 1),
	(57, 'Berapa waktu yang dibutuhkan dalam melakukan handwash', 1),
	(58, 'Berapa waktu yang dibutuhkan dalam melakukan handwash', 1),
	(59, 'Berapa waktu yang dibutuhkan dalam melakukan handrub', 1),
	(60, 'Kapan saja kita melakukan cuci tangan (5 moment) ', 1),
	(61, 'petugas menggunakan APD', 1),
	(62, 'pengiriman menggunakan wadah tertutup', 1),
	(63, 'wadah alat kotor dibersihkan secara rutin', 1),
	(64, 'bersihkan semua kotoran dan perendaman menggunakan larutan enzymatic', 1),
	(65, 'buang / ganti larutan enzymatic setelah dipakai', 1),
	(66, 'lakukan kebersihan tangan', 1),
	(67, 'tersediahnya alur pasca pajanan / SPO', 1),
	(68, 'tersediah tempat limbah infeksius, benda tajam', 1),
	(69, 'ada label tempat sampah', 1),
	(70, 'tidak melebihi 3/4 atau 3 hari', 1),
	(71, 'mesin sterilisasi dibersihkan secara rutin', 1),
	(72, 'pemantauan terhadap indikator sterilisasi', 1),
	(73, 'pengambilan alat sterilisasi dengan kontainer khusus alat steril dan tertutup', 1),
	(74, 'kondisi kontainer dalam keadaan bersih', 1),
	(75, 'ada kebijakan tentang penanganan limbah tajam dan jarum', 1),
	(76, 'menggunakan tekhnik recapping 1 tangan pada jarum sunti', 1),
	(77, 'tersedia tempat sampah khusus jarum dan bendah tajam (safety Box)', 1),
	(78, 'tidak menutup kembali jarum suntik bekas pakai', 1),
	(79, 'safety box di buang setelah 3/4 di TPS RS', 1),
	(80, 'tersedia troly pengangkut', 1),
	(81, 'Pemisahan dilakukan segera oleh penghasil limbah', 1),
	(82, 'limbah infeksius dimasukkan kedalam kantong plastik kuning', 1),
	(83, 'limbah non infeksius dimasukkan kedalam plastik hitam', 1),
	(84, 'limbah sitotoksis dibuang kedalam plastik ungu', 1),
	(85, 'limbah dibuang setelah 3/4 penuh diikat dan dibawah ke TPS', 1),
	(86, 'limbah langsung dibawah ke tempat pembuangan sementara RS', 1),
	(87, 'tempat sampah dalam kondisi bersih', 1),
	(88, 'pembersihan tempat sampah menggunakan disinfektan setiap hari.', 1),
	(89, 'tersedia tempat pembuagan limbah cair yang terhubung dengan IPAL', 1),
	(90, 'tersedia kolah air yang diisikan sebagai indikator limbah', 1),
	(91, 'ada kebijakan tentang penanganan limbah', 1),
	(92, 'tersediah tempat sampah dengan kantong plastik kuning', 1),
	(93, 'tersedia tempat sampah dengan kantong plastik hitam', 1),
	(94, 'tersedia kantong plastik ungu', 1),
	(95, 'tersedian poster atau petunjuk pembuangan limbah', 1),
	(96, 'tersedia troly untuk pengangkutan sampah dari unit ke TPS', 1),
	(97, 'tersedia tempat penampungan sementara', 1),
	(98, 'ada masker', 1),
	(99, 'Kacamata pelindung', 1),
	(100, 'Gaun (pakaian kerja)', 1),
	(101, 'Handskun (sarung tanga)', 1),
	(102, 'ada handrub', 1),
	(103, 'ada wastafel', 1),
	(104, 'ada sabun antiseptik', 1),
	(105, 'ada tissue', 1),
	(106, 'tersedia tempat sampah infeksius', 1),
	(107, 'tersedia tempat sampah non infeksius', 1),
	(108, 'tersedia tempat sampah bendah tajam dan jarum', 1),
	(109, 'Operator dan asisten menggunakan APD saat bekerja', 1),
	(110, 'Operator dan asisten melakukan kegiatan hand hygiene saat bekerja', 1),
	(111, 'Dilakukan pembersihan ruangan', 1),
	(112, 'dilakukan pembersihan dental unit dengan larutan antiseptik saat selesai bekerja', 1),
	(113, 'petugas membuang sampah sesuai dengan tempatnya.', 1),
	(114, 'petugas ruangan segera mengambil linen kotor setelah pasien pulang', 1),
	(115, 'menepatkan linen kotor didalam kresek kuning', 1),
	(116, 'tidak ada linen kotor yang terletak dilantai', 1),
	(117, 'tersedia fasilitas bak penampungan', 1),
	(118, 'tersedia kresek kuning untuk linen kotor', 1),
	(119, 'petugas dengan tepat mengambil linen kotor', 1),
	(120, 'petugas mendistribusikan dengan wadah tertutup', 1),
	(121, 'proses distribusi antara linen kotor dan bersih tidak bersamaan', 1),
	(122, 'menggunakan wadah khusus untuk pendistribusian', 1),
	(123, 'proses penyimpanan pada lemari khusus ', 1),
	(124, 'menggunakan sistem FIFO (first in first out) pada linen yang telah di sterilkan', 1),
	(125, 'Suhu 22-27 derajat Celcius', 1),
	(126, 'selang suction pump', 1),
	(127, 'endotracheal Tube', 1),
	(128, 'selang oksigen', 1),
	(129, 'ambu bag', 1),
	(130, 'tabung reaksi', 1),
	(131, 'nebu rebring maskes', 1),
	(132, 'tersedia APD', 1),
	(133, 'kamar jenazah dalam kondisi bersih', 1),
	(134, 'tersedia tempat sampah infeksius', 1),
	(135, 'tersedia tempat sampah non infeksius', 1),
	(136, 'berankart di bersihkan setelah digunakan', 1),
	(137, 'tersedia APD lengkap sesuai standar unit', 1),
	(138, 'Petugas mencuci tangan sebelum menggunakan APD', 1),
	(139, 'petugas memakai pelindung tangan', 1),
	(140, 'petugas memakai masker', 1),
	(141, 'tersedia alat pengangkutan makanan', 1),
	(142, 'wadah pengangkutan dalam kondisi bersih', 1),
	(143, 'makanan di bawah dengan makanan tertutup', 1),
	(144, 'terdapat alat monitor suhu ruangan', 1),
	(145, 'petugas mencuci tangan setelah menggunakan APD', 1),
	(146, 'Moment 1', 1),
	(147, 'Moment 2', 1),
	(148, 'Moment 3', 1),
	(149, 'Moment 4', 1),
	(150, 'Moment 5', 1),
	(256, 'Masker', 1),
	(257, 'Handscoon', 1),
	(258, 'Topi Bedah', 1),
	(259, 'Jubah Pelinding', 1),
	(260, 'Pelindung Kaki', 1),
	(261, 'Adakah kebijakan tentang cuci tangan', 1),
	(262, 'Adakah handrub berbasis alcohol di pintu masuk ruangan', 1),
	(263, 'Adakah handrub di setiap trolly tindakan', 1),
	(264, 'Adakah poster kebersihan tangan', 1),
	(265, 'Adakah antiseptic sabun di seriap wastafel', 1),
	(266, 'Adakah tissue kertas di setiap wastafel', 1),
	(267, 'Apakah saudara/i tahu mekanisme pengisian sensus harian rawat inap?', 1),
	(268, 'Apakah saudara/i pernah mengikuti pelatihan rekam medis?', 1),
	(269, 'Sebelum Kontak Pasien', 1),
	(270, 'Sebelum Tindakan Aseptik', 1),
	(271, 'Sesudah terpapar/ kontak cairan tubuh', 1),
	(272, 'Sesudah kontak dengan pasien', 1),
	(273, 'Sesudah kontak dengan lingkungan pasien', 1),
	(274, 'PRE OP - GUNAKAN CLIPPER CUKUR SEGERA MUNGKIN SEBELUM TINDAKAN OPERASI', 1),
	(275, 'PRE OP - MANDI DENGAN LARUTAN CLORHEXIDINE 0,2 % SEBELUM OPERASI', 1),
	(276, 'INTRA OP - BATASI PETUGAS DALAM RUANG OPERASI DAN BATASI / MINIMALKAN KELUAR MASUK PETUGAS', 1),
	(277, 'Kebersihan Layar Komputer', 1),
	(278, 'Kebersihan Keyboard Komputer', 1),
	(279, 'Kebersihan Mouse Komputer', 1),
	(280, 'Kebersihan Printer', 1);
/*!40000 ALTER TABLE `kegiatan` ENABLE KEYS */;

-- Membuang data untuk tabel ppi.kegiatan_group: ~183 rows (lebih kurang)
/*!40000 ALTER TABLE `kegiatan_group` DISABLE KEYS */;
REPLACE INTO `kegiatan_group` (`ID`, `KEGIATAN`, `GROUP`, `KELOMPOK`, `STATUS`) VALUES
	(1, 1, 1, 0, 1),
	(2, 2, 1, 0, 1),
	(3, 3, 1, 0, 1),
	(4, 4, 1, 0, 1),
	(5, 5, 1, 0, 1),
	(6, 6, 1, 0, 1),
	(7, 7, 1, 0, 1),
	(8, 8, 1, 0, 1),
	(9, 9, 1, 0, 1),
	(10, 10, 1, 0, 1),
	(11, 11, 1, 0, 1),
	(12, 12, 2, 0, 1),
	(13, 13, 2, 0, 1),
	(14, 14, 2, 0, 1),
	(15, 15, 2, 0, 1),
	(16, 16, 2, 0, 1),
	(17, 17, 2, 0, 1),
	(18, 18, 2, 0, 1),
	(19, 19, 2, 0, 1),
	(20, 20, 2, 0, 1),
	(21, 21, 2, 0, 1),
	(22, 22, 2, 0, 1),
	(23, 23, 2, 0, 1),
	(24, 24, 2, 0, 1),
	(25, 25, 2, 0, 1),
	(26, 26, 2, 0, 1),
	(27, 27, 3, 0, 1),
	(28, 28, 3, 0, 1),
	(29, 29, 3, 0, 1),
	(30, 30, 3, 0, 1),
	(31, 31, 3, 0, 1),
	(32, 32, 3, 0, 1),
	(33, 33, 3, 0, 1),
	(34, 34, 3, 0, 1),
	(35, 35, 3, 0, 1),
	(36, 36, 4, 0, 1),
	(37, 37, 4, 0, 1),
	(38, 38, 4, 0, 1),
	(39, 39, 4, 0, 1),
	(40, 40, 4, 0, 1),
	(41, 41, 4, 0, 1),
	(42, 42, 4, 0, 1),
	(43, 43, 4, 0, 1),
	(44, 44, 4, 0, 1),
	(45, 45, 4, 0, 1),
	(46, 46, 5, 0, 1),
	(47, 47, 5, 0, 1),
	(48, 48, 5, 0, 1),
	(49, 49, 5, 0, 1),
	(50, 50, 5, 0, 1),
	(51, 51, 5, 0, 1),
	(52, 52, 5, 0, 1),
	(53, 53, 5, 0, 1),
	(54, 54, 6, 0, 1),
	(55, 55, 6, 0, 1),
	(56, 56, 6, 0, 1),
	(57, 57, 6, 0, 1),
	(58, 58, 6, 0, 1),
	(59, 59, 6, 0, 1),
	(60, 60, 6, 0, 1),
	(61, 61, 7, 1, 1),
	(62, 62, 7, 1, 1),
	(63, 63, 7, 1, 1),
	(64, 64, 7, 16, 1),
	(65, 65, 7, 16, 1),
	(66, 66, 7, 16, 1),
	(67, 67, 7, 2, 1),
	(68, 68, 7, 2, 1),
	(69, 69, 7, 2, 1),
	(70, 70, 7, 2, 1),
	(71, 71, 7, 3, 1),
	(72, 72, 7, 3, 1),
	(73, 73, 7, 3, 1),
	(74, 74, 7, 3, 1),
	(75, 75, 8, 0, 1),
	(76, 76, 8, 0, 1),
	(77, 77, 8, 0, 1),
	(78, 78, 8, 0, 1),
	(79, 79, 8, 0, 1),
	(80, 80, 8, 0, 1),
	(81, 81, 9, 0, 1),
	(82, 82, 9, 0, 1),
	(83, 83, 9, 0, 1),
	(84, 84, 9, 0, 1),
	(85, 85, 9, 0, 1),
	(86, 86, 9, 0, 1),
	(87, 87, 9, 0, 1),
	(88, 88, 9, 0, 1),
	(89, 89, 10, 0, 1),
	(90, 90, 10, 0, 1),
	(91, 91, 11, 0, 1),
	(92, 92, 11, 0, 1),
	(93, 93, 11, 0, 1),
	(94, 94, 11, 0, 1),
	(95, 95, 11, 0, 1),
	(96, 96, 11, 0, 1),
	(97, 97, 11, 0, 1),
	(98, 98, 12, 4, 1),
	(99, 99, 12, 4, 1),
	(100, 100, 12, 4, 1),
	(101, 101, 12, 4, 1),
	(102, 102, 12, 5, 1),
	(103, 103, 12, 5, 1),
	(104, 104, 12, 5, 1),
	(105, 105, 12, 5, 1),
	(106, 106, 12, 6, 1),
	(107, 107, 12, 6, 1),
	(108, 108, 12, 6, 1),
	(109, 109, 12, 7, 1),
	(110, 110, 12, 7, 1),
	(111, 111, 12, 8, 1),
	(112, 112, 12, 8, 1),
	(113, 113, 12, 8, 1),
	(114, 114, 13, 9, 1),
	(115, 115, 13, 9, 1),
	(116, 116, 13, 9, 1),
	(117, 117, 13, 9, 1),
	(118, 118, 13, 9, 1),
	(119, 119, 13, 9, 1),
	(120, 120, 13, 10, 1),
	(121, 121, 13, 10, 1),
	(122, 122, 13, 10, 1),
	(123, 123, 13, 11, 1),
	(124, 124, 13, 11, 1),
	(125, 125, 13, 11, 1),
	(126, 126, 14, 12, 1),
	(127, 127, 14, 12, 1),
	(128, 128, 14, 12, 1),
	(129, 129, 14, 12, 1),
	(130, 130, 14, 12, 1),
	(131, 131, 14, 12, 1),
	(132, 132, 15, 0, 1),
	(133, 133, 15, 0, 1),
	(134, 134, 15, 0, 1),
	(135, 135, 15, 0, 1),
	(136, 136, 15, 0, 1),
	(137, 137, 16, 0, 1),
	(138, 138, 16, 0, 1),
	(139, 139, 16, 0, 1),
	(140, 140, 16, 0, 1),
	(141, 141, 16, 0, 1),
	(142, 142, 16, 0, 1),
	(143, 143, 16, 0, 1),
	(144, 144, 16, 0, 1),
	(145, 145, 16, 0, 1),
	(146, 146, 17, 17, 1),
	(147, 147, 17, 17, 1),
	(148, 148, 17, 17, 1),
	(149, 149, 17, 17, 1),
	(150, 150, 17, 17, 1),
	(256, 256, 18, 18, 1),
	(257, 257, 18, 18, 1),
	(258, 258, 18, 18, 1),
	(259, 259, 18, 18, 1),
	(260, 260, 18, 18, 1),
	(261, 261, 19, 21, 1),
	(262, 262, 19, 21, 1),
	(263, 263, 19, 21, 1),
	(264, 264, 19, 21, 1),
	(265, 265, 19, 21, 1),
	(266, 266, 19, 21, 1),
	(267, 267, 20, 0, 1),
	(268, 268, 20, 0, 1),
	(269, 269, 21, 22, 1),
	(270, 270, 21, 22, 1),
	(271, 271, 21, 22, 1),
	(272, 272, 21, 22, 1),
	(273, 273, 21, 22, 1),
	(274, 146, 21, 17, 1),
	(275, 147, 21, 17, 1),
	(276, 148, 21, 17, 1),
	(277, 149, 21, 17, 1),
	(278, 150, 21, 17, 1),
	(279, 274, 23, 0, 1),
	(280, 275, 23, 0, 1),
	(281, 277, 24, 23, 1),
	(282, 278, 24, 23, 1),
	(283, 279, 24, 1, 1),
	(284, 280, 24, 1, 1),
	(285, 5, 25, 1, 1),
	(286, 7, 25, 1, 1),
	(287, 8, 25, 1, 1),
	(288, 9, 25, 1, 1);
/*!40000 ALTER TABLE `kegiatan_group` ENABLE KEYS */;

-- Membuang data untuk tabel ppi.kelompok: ~20 rows (lebih kurang)
/*!40000 ALTER TABLE `kelompok` DISABLE KEYS */;
REPLACE INTO `kelompok` (`ID`, `KET`, `STATUS`) VALUES
	(1, 'Penerimaan alat', 1),
	(2, 'Pengelolaan limbah', 1),
	(3, 'Pengambilan alat sterilisasi', 1),
	(4, 'Ketersediaan alat pelindung diri (APD)', 1),
	(5, 'ketersediaan fasilitas hand hygien', 1),
	(6, 'Ketersediaan pembuangan limbah', 1),
	(7, 'Kepatuhan penggunaan alat pelinding diri', 1),
	(8, 'Pembersihan peralatan', 1),
	(9, 'Pengelolaan', 1),
	(10, 'Pendistribusian', 1),
	(11, 'penyimpanan', 1),
	(12, 'daftar bahan medis habis pakai yang di reuse', 1),
	(16, 'Pembersihan', 1),
	(17, '5 Moment Cuci Tangan', 1),
	(18, 'Alat Pelindung Diri', 1),
	(19, 'Tes', 1),
	(20, 'tes 2', 1),
	(21, 'CUCI TANGAN', 1),
	(22, 'Tindakan Hand Hygiene', 1),
	(23, 'Perangkat Komputer', 1);
/*!40000 ALTER TABLE `kelompok` ENABLE KEYS */;

/*!40101 SET SQL_MODE=IFNULL(@OLD_SQL_MODE, '') */;
/*!40014 SET FOREIGN_KEY_CHECKS=IF(@OLD_FOREIGN_KEY_CHECKS IS NULL, 1, @OLD_FOREIGN_KEY_CHECKS) */;
/*!40101 SET CHARACTER_SET_CLIENT=@OLD_CHARACTER_SET_CLIENT */;
